"Id","IsDeleted","Name","ParentId","Type","Status","StartDate","EndDate","ExpectedRevenue","BudgetedCost","ActualCost","ExpectedResponse","NumberSent","IsActive","Description","NumberOfLeads","NumberOfConvertedLeads","NumberOfContacts","NumberOfResponses","NumberOfOpportunities","NumberOfWonOpportunities","AmountAllOpportunities","AmountWonOpportunities","HierarchyNumberOfLeads","HierarchyNumberOfConvertedLeads","HierarchyNumberOfContacts","HierarchyNumberOfResponses","HierarchyNumberOfOpportunities","HierarchyNumberOfWonOpportunities","HierarchyAmountAllOpportunities","HierarchyAmountWonOpportunities","HierarchyNumberSent","HierarchyExpectedRevenue","HierarchyBudgetedCost","HierarchyActualCost","OwnerId","CreatedDate","CreatedById","LastModifiedDate","LastModifiedById","SystemModstamp","LastActivityDate","CampaignMemberRecordTypeId"
"701gK00000I8nJrQAJ","0","GC Product Webinar - Jan 7, 2002","","Webinar","Completed","2025-02-08 00:00:00","2025-02-08 00:00:00","3000000","10000","11400","10","5000","1","","0","0","0","0","0","0","0","0","0","0","0","0","0","0","0","0","5000","3000000","10000","11400","005gK000006mJuXQAU","2025-08-29 17:44:21","005gK000006mJuXQAU","2025-08-29 17:44:21","005gK000006mJuXQAU","2025-08-29 17:44:21","",""
"701gK00000I8nJsQAJ","0","User Conference - Jun 17-19, 2002","","Conference","Planned","2025-07-19 00:00:00","2025-07-21 00:00:00","5500000","100000","","15","40000","1","","0","0","0","0","0","0","0","0","0","0","0","0","0","0","0","0","40000","5500000","100000","0","005gK000006mJuXQAU","2025-08-29 17:44:21","005gK000006mJuXQAU","2025-08-29 17:44:21","005gK000006mJuXQAU","2025-08-29 17:44:21","",""
"701gK00000I8nJtQAJ","0","DM Campaign to Top Customers - Nov 12-23, 2001","","Direct Mail","Completed","2024-12-14 00:00:00","2024-12-25 00:00:00","2500000","25000","23500","7","15000","1","","0","0","0","0","0","0","0","0","0","0","0","0","0","0","0","0","15000","2500000","25000","23500","005gK000006mJuXQAU","2025-08-29 17:44:21","005gK000006mJuXQAU","2025-08-29 17:44:21","005gK000006mJuXQAU","2025-08-29 17:44:21","",""
"701gK00000I8nJuQAJ","0","International Electrical Engineers Association Trade Show - Mar 4-5, 2002","","Trade Show","Planned","2025-04-05 00:00:00","2025-04-06 00:00:00","8500000","50000","","0","0","1","","0","0","0","0","0","0","0","0","0","0","0","0","0","0","0","0","0","8500000","50000","0","005gK000006mJuXQAU","2025-08-29 17:44:21","005gK000006mJuXQAU","2025-08-29 17:44:21","005gK000006mJuXQAU","2025-08-29 17:44:21","",""
