"Id","CaseId","OwnerId","Status","PreviousUpdate","LastModifiedDate","LastModifiedById","IsDeleted","SystemModstamp"
"02DgK000005BKa1UAG","500gK00000HBXFvQAP","005gK000006mJuXQAU","Closed","","2025-08-29 17:44:21","005gK000006mJuXQAU","0","2025-08-29 17:44:21"
"02DgK000005BKa2UAG","500gK00000HBXFuQAP","005gK000006mJuXQAU","Closed","","2025-08-29 17:44:21","005gK000006mJuXQAU","0","2025-08-29 17:44:21"
"02DgK000005BKa3UAG","500gK00000HBXFwQAP","005gK000006mJuXQAU","New","","2025-08-29 17:44:21","005gK000006mJuXQAU","0","2025-08-29 17:44:21"
"02DgK000005BKa4UAG","500gK00000HBXFxQAP","005gK000006mJuXQAU","Closed","","2025-08-29 17:44:21","005gK000006mJuXQAU","0","2025-08-29 17:44:21"
"02DgK000005BKa5UAG","500gK00000HBXFyQAP","005gK000006mJuXQAU","Closed","","2025-08-29 17:44:21","005gK000006mJuXQAU","0","2025-08-29 17:44:21"
"02DgK000005BKa6UAG","500gK00000HBXFzQAP","005gK000006mJuXQAU","Closed","","2025-08-29 17:44:21","005gK000006mJuXQAU","0","2025-08-29 17:44:21"
"02DgK000005BKa7UAG","500gK00000HBXG0QAP","005gK000006mJuXQAU","Closed","","2025-08-29 17:44:21","005gK000006mJuXQAU","0","2025-08-29 17:44:21"
"02DgK000005BKa8UAG","500gK00000HBXG1QAP","005gK000006mJuXQAU","Closed","","2025-08-29 17:44:21","005gK000006mJuXQAU","0","2025-08-29 17:44:21"
"02DgK000005BKa9UAG","500gK00000HBXG2QAP","005gK000006mJuXQAU","Closed","","2025-08-29 17:44:21","005gK000006mJuXQAU","0","2025-08-29 17:44:21"
"02DgK000005BKaAUAW","500gK00000HBXG3QAP","005gK000006mJuXQAU","Closed","","2025-08-29 17:44:21","005gK000006mJuXQAU","0","2025-08-29 17:44:21"
"02DgK000005BKaBUAW","500gK00000HBXG4QAP","005gK000006mJuXQAU","Closed","","2025-08-29 17:44:21","005gK000006mJuXQAU","0","2025-08-29 17:44:21"
"02DgK000005BKaCUAW","500gK00000HBXG5QAP","005gK000006mJuXQAU","Closed","","2025-08-29 17:44:21","005gK000006mJuXQAU","0","2025-08-29 17:44:21"
"02DgK000005BKaDUAW","500gK00000HBXG6QAP","005gK000006mJuXQAU","Closed","","2025-08-29 17:44:21","005gK000006mJuXQAU","0","2025-08-29 17:44:21"
"02DgK000005BKaEUAW","500gK00000HBXG7QAP","005gK000006mJuXQAU","Closed","","2025-08-29 17:44:21","005gK000006mJuXQAU","0","2025-08-29 17:44:21"
"02DgK000005BKaFUAW","500gK00000HBXG8QAP","005gK000006mJuXQAU","Closed","","2025-08-29 17:44:21","005gK000006mJuXQAU","0","2025-08-29 17:44:21"
"02DgK000005BKaGUAW","500gK00000HBXG9QAP","005gK000006mJuXQAU","Closed","","2025-08-29 17:44:21","005gK000006mJuXQAU","0","2025-08-29 17:44:21"
"02DgK000005BKaHUAW","500gK00000HBXGAQA5","005gK000006mJuXQAU","New","","2025-08-29 17:44:21","005gK000006mJuXQAU","0","2025-08-29 17:44:21"
"02DgK000005BKaIUAW","500gK00000HBXGBQA5","005gK000006mJuXQAU","Closed","","2025-08-29 17:44:21","005gK000006mJuXQAU","0","2025-08-29 17:44:21"
"02DgK000005BKaJUAW","500gK00000HBXGCQA5","005gK000006mJuXQAU","Closed","","2025-08-29 17:44:21","005gK000006mJuXQAU","0","2025-08-29 17:44:21"
"02DgK000005BKaKUAW","500gK00000HBXGDQA5","005gK000006mJuXQAU","Closed","","2025-08-29 17:44:21","005gK000006mJuXQAU","0","2025-08-29 17:44:21"
"02DgK000005BKaLUAW","500gK00000HBXGEQA5","005gK000006mJuXQAU","Closed","","2025-08-29 17:44:21","005gK000006mJuXQAU","0","2025-08-29 17:44:21"
"02DgK000005BKaMUAW","500gK00000HBXGFQA5","005gK000006mJuXQAU","Closed","","2025-08-29 17:44:21","005gK000006mJuXQAU","0","2025-08-29 17:44:21"
"02DgK000005BKaNUAW","500gK00000HBXGGQA5","005gK000006mJuXQAU","Closed","","2025-08-29 17:44:21","005gK000006mJuXQAU","0","2025-08-29 17:44:21"
"02DgK000005BKaOUAW","500gK00000HBXGHQA5","005gK000006mJuXQAU","Closed","","2025-08-29 17:44:21","005gK000006mJuXQAU","0","2025-08-29 17:44:21"
"02DgK000005BKaPUAW","500gK00000HBXGIQA5","005gK000006mJuXQAU","New","","2025-08-29 17:44:21","005gK000006mJuXQAU","0","2025-08-29 17:44:21"
"02DgK000005BKaQUAW","500gK00000HBXGJQA5","005gK000006mJuXQAU","Closed","","2025-08-29 17:44:21","005gK000006mJuXQAU","0","2025-08-29 17:44:21"
