"Id","IsDeleted","MasterRecordId","CaseNumber","ContactId","AccountId","AssetId","ProductId","EntitlementId","SourceId","BusinessHoursId","ParentId","SuppliedName","SuppliedEmail","SuppliedPhone","SuppliedCompany","Type","Status","Reason","Origin","Subject","Priority","Description","IsClosed","ClosedDate","IsEscalated","OwnerId","IsClosedOnCreate","SlaStartDate","SlaExitDate","IsStopped","StopStartDate","CreatedDate","CreatedById","LastModifiedDate","LastModifiedById","SystemModstamp","ServiceContractId","EventsProcessedDate","EngineeringReqNumber__c","SLAViolation__c","Product__c","PotentialLiability__c"
"500gK00000HBXFuQAP","0","","00001001","003gK0000093N6SQAU","001gK00000I8Z6OQAV","000000000000000AAA","000000000000000AAA","","","01mgK000003OicTQAS","000000000000000AAA","","","","","Electrical","Closed","Performance","Phone","Performance inadequate for second consecutive week","High","","1","2024-07-10 18:59:51","0","005gK000006mJuXQAU","1","","","0","","2025-08-29 17:44:21","005gK000006mJuXQAU","2025-08-29 17:44:21","005gK000006mJuXQAU","2025-08-29 17:44:21","","2027-02-07 17:54:03","767145","Yes","GC1060","Yes"
"500gK00000HBXFvQAP","0","","00001000","003gK0000093N6BQAU","001gK00000I8Z6JQAV","000000000000000AAA","000000000000000AAA","","","01mgK000003OicTQAS","000000000000000AAA","","","","","Electrical","Closed","Equipment Complexity","Phone","Starting generator after electrical failure","High","","1","2024-07-10 18:59:51","0","005gK000006mJuXQAU","1","","","0","","2025-08-29 17:44:21","005gK000006mJuXQAU","2025-08-29 17:44:21","005gK000006mJuXQAU","2025-08-29 17:44:21","","","765876","No","GC5040","No"
"500gK00000HBXFwQAP","0","","00001002","003gK0000093N6IQAU","001gK00000I8Z6OQAV","000000000000000AAA","000000000000000AAA","","","01mgK000003OicTQAS","000000000000000AAA","","","","","Electrical","New","Installation","Web","Seeking guidance on electrical wiring installation for GC5060","Low","","0","","0","005gK000006mJuXQAU","0","","","0","","2025-08-29 17:44:21","005gK000006mJuXQAU","2025-08-29 17:44:21","005gK000006mJuXQAU","2025-08-29 17:44:21","","","","No","GC3060","No"
"500gK00000HBXFxQAP","0","","00001003","003gK0000093N6KQAU","001gK00000I8Z6PQAV","000000000000000AAA","000000000000000AAA","","","01mgK000003OicTQAS","000000000000000AAA","","","","","Other","Closed","Installation","Web","Easy installation process","Low","","1","2024-07-10 18:59:51","0","005gK000006mJuXQAU","1","","","0","","2025-08-29 17:44:21","005gK000006mJuXQAU","2025-08-29 17:44:21","005gK000006mJuXQAU","2025-08-29 17:44:21","","","","No","GC1020","No"
"500gK00000HBXFyQAP","0","","00001004","003gK0000093N6KQAU","001gK00000I8Z6PQAV","000000000000000AAA","000000000000000AAA","","","01mgK000003OicTQAS","000000000000000AAA","","","","","Other","Closed","Other","Phone","Maintenance guidelines for generator unclear","Medium","","1","2024-07-10 18:59:51","0","005gK000006mJuXQAU","1","","","0","","2025-08-29 17:44:21","005gK000006mJuXQAU","2025-08-29 17:44:21","005gK000006mJuXQAU","2025-08-29 17:44:21","","","784532","No","GC5020","No"
"500gK00000HBXFzQAP","0","","00001005","003gK0000093N6LQAU","001gK00000I8Z6PQAV","000000000000000AAA","000000000000000AAA","","","01mgK000003OicTQAS","000000000000000AAA","","","","","Electrical","Closed","Performance","Phone","Electrical circuit malfunctioning","Medium","","1","2024-07-10 18:59:51","0","005gK000006mJuXQAU","1","","","0","","2025-08-29 17:44:21","005gK000006mJuXQAU","2025-08-29 17:44:21","005gK000006mJuXQAU","2025-08-29 17:44:21","","","653780","No","GC1060","Yes"
"500gK00000HBXG0QAP","0","","00001006","003gK0000093N6RQAU","001gK00000I8Z6TQAV","000000000000000AAA","000000000000000AAA","","","01mgK000003OicTQAS","000000000000000AAA","","","","","Other","Closed","Feedback","Phone","Generator assembly instructions unclear","Low","","1","2024-07-10 18:59:51","0","005gK000006mJuXQAU","1","","","0","","2025-08-29 17:44:21","005gK000006mJuXQAU","2025-08-29 17:44:21","005gK000006mJuXQAU","2025-08-29 17:44:21","","","253574","No","GC1020","No"
"500gK00000HBXG1QAP","0","","00001007","003gK0000093N6GQAU","001gK00000I8Z6NQAV","000000000000000AAA","000000000000000AAA","","","01mgK000003OicTQAS","000000000000000AAA","","","","","Structural","Closed","Breakdown","Phone","Structural breakdown of rotor assembly","Medium","","1","2024-07-10 18:59:51","0","005gK000006mJuXQAU","1","","","0","","2025-08-29 17:44:21","005gK000006mJuXQAU","2025-08-29 17:44:21","005gK000006mJuXQAU","2025-08-29 17:44:21","","","835735","No","GC1040","No"
"500gK00000HBXG2QAP","0","","00001008","003gK0000093N6GQAU","001gK00000I8Z6NQAV","000000000000000AAA","000000000000000AAA","","","01mgK000003OicTQAS","000000000000000AAA","","","","","Other","Closed","Feedback","Web","Customer service for portable generators needs beefing up","Low","","1","2024-07-10 18:59:51","0","005gK000006mJuXQAU","1","","","0","","2025-08-29 17:44:21","005gK000006mJuXQAU","2025-08-29 17:44:21","005gK000006mJuXQAU","2025-08-29 17:44:21","","","","No","GC1020","No"
"500gK00000HBXG3QAP","0","","00001009","003gK0000093N6OQAU","001gK00000I8Z6RQAV","000000000000000AAA","000000000000000AAA","","","01mgK000003OicTQAS","000000000000000AAA","","","","","Mechanical","Closed","Other","Phone","Mechanical maintenance guidelines for generator misleading","Medium","","1","2024-07-10 18:59:51","0","005gK000006mJuXQAU","1","","","0","","2025-08-29 17:44:21","005gK000006mJuXQAU","2025-08-29 17:44:21","005gK000006mJuXQAU","2025-08-29 17:44:21","","","365782","No","GC3040","Yes"
"500gK00000HBXG4QAP","0","","00001010","003gK0000093N6PQAU","001gK00000I8Z6SQAV","000000000000000AAA","000000000000000AAA","","","01mgK000003OicTQAS","000000000000000AAA","","","","","Other","Closed","Feedback","Web","Maintenance guidelines for generator unclear","Low","","1","2024-07-10 18:59:51","0","005gK000006mJuXQAU","1","","","0","","2025-08-29 17:44:21","005gK000006mJuXQAU","2025-08-29 17:44:21","005gK000006mJuXQAU","2025-08-29 17:44:21","","","658733","No","GC1060","No"
"500gK00000HBXG5QAP","0","","00001011","003gK0000093N6QQAU","001gK00000I8Z6SQAV","000000000000000AAA","000000000000000AAA","","","01mgK000003OicTQAS","000000000000000AAA","","","","","Electronic","Closed","Equipment Design","Web","Electronic panel fitting loose","Medium","","1","2024-07-10 18:59:51","0","005gK000006mJuXQAU","1","","","0","","2025-08-29 17:44:21","005gK000006mJuXQAU","2025-08-29 17:44:21","005gK000006mJuXQAU","2025-08-29 17:44:21","","","965884","No","GC3020","No"
"500gK00000HBXG6QAP","0","","00001012","003gK0000093N6MQAU","001gK00000I8Z6QQAV","000000000000000AAA","000000000000000AAA","","","01mgK000003OicTQAS","000000000000000AAA","","","","","Electrical","Closed","Breakdown","Web","Repeated motor breakdown while shutting off","Medium","","1","2024-07-10 18:59:51","0","005gK000006mJuXQAU","1","","","0","","2025-08-29 17:44:21","005gK000006mJuXQAU","2025-08-29 17:44:21","005gK000006mJuXQAU","2025-08-29 17:44:21","","","347209","Yes","GC1020","Yes"
"500gK00000HBXG7QAP","0","","00001013","003gK0000093N6HQAU","001gK00000I8Z6NQAV","000000000000000AAA","000000000000000AAA","","","01mgK000003OicTQAS","000000000000000AAA","","","","","Other","Closed","Equipment Design","Web","Starting up generator consumes excessive power","Medium","","1","2024-07-10 18:59:51","0","005gK000006mJuXQAU","1","","","0","","2025-08-29 17:44:21","005gK000006mJuXQAU","2025-08-29 17:44:21","005gK000006mJuXQAU","2025-08-29 17:44:21","","","654623","No","GC5020","No"
"500gK00000HBXG8QAP","0","","00001014","003gK0000093N6HQAU","001gK00000I8Z6NQAV","000000000000000AAA","000000000000000AAA","","","01mgK000003OicTQAS","000000000000000AAA","","","","","Other","Closed","Installation","Phone","Delay in installation; spare parts unavailable","High","","1","2024-07-10 18:59:51","0","005gK000006mJuXQAU","1","","","0","","2025-08-29 17:44:21","005gK000006mJuXQAU","2025-08-29 17:44:21","005gK000006mJuXQAU","2025-08-29 17:44:21","","","","No","GC3020","Yes"
"500gK00000HBXG9QAP","0","","00001015","003gK0000093N6QQAU","001gK00000I8Z6SQAV","000000000000000AAA","000000000000000AAA","","","01mgK000003OicTQAS","000000000000000AAA","","","","","Mechanical","Closed","Breakdown","Web","Frequent mechanical breakdown","Medium","","1","2024-07-10 18:59:51","0","005gK000006mJuXQAU","1","","","0","","2025-08-29 17:44:21","005gK000006mJuXQAU","2025-08-29 17:44:21","005gK000006mJuXQAU","2025-08-29 17:44:21","","","354982","No","GC3060","Yes"
"500gK00000HBXGAQA5","0","","00001016","003gK0000093N6RQAU","001gK00000I8Z6TQAV","000000000000000AAA","000000000000000AAA","","","01mgK000003OicTQAS","000000000000000AAA","","","","","Other","New","Feedback","Web","Maintenance guidelines for generator unclear","Low","","0","","0","005gK000006mJuXQAU","0","","","0","","2025-08-29 17:44:21","005gK000006mJuXQAU","2025-08-29 17:44:21","005gK000006mJuXQAU","2025-08-29 17:44:21","","","651375","No","GC5020","No"
"500gK00000HBXGBQA5","0","","00001017","003gK0000093N6CQAU","001gK00000I8Z6JQAV","000000000000000AAA","000000000000000AAA","","","01mgK000003OicTQAS","000000000000000AAA","","","","","Mechanical","Closed","Equipment Complexity","Web","Shutting down of generator","Medium","","1","2024-07-10 18:59:51","0","005gK000006mJuXQAU","1","","","0","","2025-08-29 17:44:21","005gK000006mJuXQAU","2025-08-29 17:44:21","005gK000006mJuXQAU","2025-08-29 17:44:21","","","736734","No","GC1040","No"
"500gK00000HBXGCQA5","0","","00001018","003gK0000093N6CQAU","001gK00000I8Z6JQAV","000000000000000AAA","000000000000000AAA","","","01mgK000003OicTQAS","000000000000000AAA","","","","","Electrical","Closed","Equipment Complexity","Phone","Cannot start generator after electrical failure","Medium","","1","2024-07-10 18:59:51","0","005gK000006mJuXQAU","1","","","0","","2025-08-29 17:44:21","005gK000006mJuXQAU","2025-08-29 17:44:21","005gK000006mJuXQAU","2025-08-29 17:44:21","","","526714","No","GC1040","No"
"500gK00000HBXGDQA5","0","","00001019","003gK0000093N6DQAU","001gK00000I8Z6KQAV","000000000000000AAA","000000000000000AAA","","","01mgK000003OicTQAS","000000000000000AAA","","","","","Structural","Closed","Equipment Design","Web","Structural failure of generator base","High","","1","2024-07-10 18:59:51","0","005gK000006mJuXQAU","1","","","0","","2025-08-29 17:44:21","005gK000006mJuXQAU","2025-08-29 17:44:21","005gK000006mJuXQAU","2025-08-29 17:44:21","","","636265","No","GC5060","Yes"
"500gK00000HBXGEQA5","0","","00001020","003gK0000093N6DQAU","001gK00000I8Z6KQAV","000000000000000AAA","000000000000000AAA","","","01mgK000003OicTQAS","000000000000000AAA","","","","","Electrical","Closed","Performance","Phone","Power generation below stated level","Medium","","1","2024-07-10 18:59:51","0","005gK000006mJuXQAU","1","","","0","","2025-08-29 17:44:21","005gK000006mJuXQAU","2025-08-29 17:44:21","005gK000006mJuXQAU","2025-08-29 17:44:21","","","237645","No","GC3060","Yes"
"500gK00000HBXGFQA5","0","","00001021","003gK0000093N6IQAU","001gK00000I8Z6OQAV","000000000000000AAA","000000000000000AAA","","","01mgK000003OicTQAS","000000000000000AAA","","","","","Structural","Closed","Installation","Phone","Generator GC3060 platform structure is weakening","High","","1","2024-07-10 18:59:51","0","005gK000006mJuXQAU","1","","","0","","2025-08-29 17:44:21","005gK000006mJuXQAU","2025-08-29 17:44:21","005gK000006mJuXQAU","2025-08-29 17:44:21","","","435143","","GC3060","Yes"
"500gK00000HBXGGQA5","0","","00001022","003gK0000093N6IQAU","001gK00000I8Z6OQAV","000000000000000AAA","000000000000000AAA","","","01mgK000003OicTQAS","000000000000000AAA","","","","","Electronic","Closed","Performance","Web","Signal panel on GC5060 blinks intermittently","Medium","","1","2024-07-10 18:59:51","0","005gK000006mJuXQAU","1","","","0","","2025-08-29 17:44:21","005gK000006mJuXQAU","2025-08-29 17:44:21","005gK000006mJuXQAU","2025-08-29 17:44:21","","","456345","No","GC5060","No"
"500gK00000HBXGHQA5","0","","00001023","003gK0000093N6IQAU","001gK00000I8Z6OQAV","000000000000000AAA","000000000000000AAA","","","01mgK000003OicTQAS","000000000000000AAA","","","","","Electrical","Closed","Other","Phone","Electric surge damaging adjacent equipment","High","","1","2024-07-10 18:59:51","0","005gK000006mJuXQAU","1","","","0","","2025-08-29 17:44:21","005gK000006mJuXQAU","2025-08-29 17:44:21","005gK000006mJuXQAU","2025-08-29 17:44:21","","","265794","No","GC5060","No"
"500gK00000HBXGIQA5","0","","00001024","003gK0000093N6JQAU","001gK00000I8Z6OQAV","000000000000000AAA","000000000000000AAA","","","01mgK000003OicTQAS","000000000000000AAA","","","","","Mechanical","New","Equipment Design","Web","Design issue with mechanical rotor","Low","","0","","0","005gK000006mJuXQAU","0","","","0","","2025-08-29 17:44:21","005gK000006mJuXQAU","2025-08-29 17:44:21","005gK000006mJuXQAU","2025-08-29 17:44:21","","","868314","No","GC3040","No"
"500gK00000HBXGJQA5","0","","00001025","003gK0000093N6JQAU","001gK00000I8Z6OQAV","000000000000000AAA","000000000000000AAA","","","01mgK000003OicTQAS","000000000000000AAA","","","","","Electrical","Closed","Equipment Design","Phone","Motor design hindering performance","Medium","","1","2024-07-10 18:59:51","0","005gK000006mJuXQAU","1","","","0","","2025-08-29 17:44:21","005gK000006mJuXQAU","2025-08-29 17:44:21","005gK000006mJuXQAU","2025-08-29 17:44:21","","","572546","No","GC5040","No"
