"Id","IsDeleted","MasterRecordId","AccountId","Salutation","FirstName","LastName","OtherStreet","OtherCity","OtherState","OtherPostalCode","OtherCountry","OtherStateCode","OtherCountryCode","OtherLatitude","OtherLongitude","OtherGeocodeAccuracy","MailingStreet","MailingCity","MailingState","MailingPostalCode","MailingCountry","MailingStateCode","MailingCountryCode","MailingLatitude","MailingLongitude","MailingGeocodeAccuracy","Phone","Fax","MobilePhone","HomePhone","OtherPhone","AssistantPhone","ReportsToId","Email","Title","Department","AssistantName","LeadSource","Birthdate","Description","OwnerId","HasOptedOutOfEmail","HasOptedOutOfFax","DoNotCall","CreatedDate","CreatedById","LastModifiedDate","LastModifiedById","SystemModstamp","LastActivityDate","LastCURequestDate","LastCUUpdateDate","EmailBouncedReason","EmailBouncedDate","Jigsaw","JigsawContactId","CleanStatus","IndividualId","Pronouns","GenderIdentity","ContactSource","BuyerAttributes","Level__c","Languages__c"
"003gK0000093N6BQAU","0","","001gK00000I8Z6JQAV","Ms.","Rose","Gonzalez","","","","","","","","","","","313 Constitution Place Austin, TX 78767 USA","","","","","","","","","","(512) 757-6000","(512) 757-9000","(512) 757-9340","","","","","rose@edge.com","SVP, Procurement","Procurement","","Trade Show","1973-08-10 00:00:00","","005gK000006mJuXQAU","0","0","0","2025-08-29 17:44:21","005gK000006mJuXQAU","2025-08-29 17:44:21","005gK000006mJuXQAU","2025-08-29 17:44:21","","","","","","","","Pending","","","","","","Primary","English"
"003gK0000093N6CQAU","0","","001gK00000I8Z6JQAV","Mr.","Sean","Forbes","","","","","","","","","","","312 Constitution Place Austin, TX 78767 USA","","","","","","","","","","(512) 757-6000","(512) 757-9000","(512) 757-4561","","","","","sean@edge.com","CFO","Finance","","Trade Show","1952-05-08 00:00:00","","005gK000006mJuXQAU","0","0","0","2025-08-29 17:44:21","005gK000006mJuXQAU","2025-08-29 17:44:21","005gK000006mJuXQAU","2025-08-29 17:44:21","","","","","","","","Pending","","","","","","Secondary","English"
"003gK0000093N6DQAU","0","","001gK00000I8Z6KQAV","Mr.","Jack","Rogers","","","","","","","","","","","525 S. Lexington Ave","Burlington","NC","27215","USA","NC","US","","","","(336) 222-7000","(336) 222-8000","","","","","","jrogers@burlington.com","VP, Facilities","","","Web","","","005gK000006mJuXQAU","0","0","0","2025-08-29 17:44:21","005gK000006mJuXQAU","2025-08-29 17:44:21","005gK000006mJuXQAU","2025-08-29 17:44:21","","","","","","","","Pending","","","","","","",""
"003gK0000093N6EQAU","0","","001gK00000I8Z6LQAV","Ms.","Pat","Stumuller","2 Place Jussieu","Paris","","75251","France","","FR","","","","2 Place Jussieu","Paris","","75251","France","","FR","","","","(014) 427-4427","(014) 427-4428","(014) 454-6364","","","(014) 427-4465","","pat@pyramid.net","SVP, Administration and Finance","Finance","Jean Marie","","","","005gK000006mJuXQAU","0","0","0","2025-08-29 17:44:21","005gK000006mJuXQAU","2025-08-29 17:44:21","005gK000006mJuXQAU","2025-08-29 17:44:21","","","","","","","","Pending","","","","","","Primary","French, English"
"003gK0000093N6FQAU","0","","001gK00000I8Z6MQAV","Mr","Andy","Young","1301 Hoch Drive","Lawrence","KS","66045","USA","KS","US","","","","1301 Hoch Drive","Lawrence","KS","66045","USA","KS","US","","","","(785) 241-6200","","(785) 265-5350","","","","","a_young@dickenson.com","SVP, Operations","Internal Operations","","Purchased List","","","005gK000006mJuXQAU","0","0","0","2025-08-29 17:44:21","005gK000006mJuXQAU","2025-08-29 17:44:21","005gK000006mJuXQAU","2025-08-29 17:44:21","","","","","","","","Pending","","","","","","Primary","English"
"003gK0000093N6GQAU","0","","001gK00000I8Z6NQAV","Mr.","Tim","Barr","","","","","","","","","","","2335 N. Michigan Avenue, Suite 1500 Chicago, IL 60601, USA","","","","","","","","","","(312) 596-1000","(312) 596-1500","(312) 596-1230","","","","","barr_tim@grandhotels.com","SVP, Administration and Finance","Finance","","External Referral","1959-04-06 00:00:00","","005gK000006mJuXQAU","0","0","0","2025-08-29 17:44:21","005gK000006mJuXQAU","2025-08-29 17:44:21","005gK000006mJuXQAU","2025-08-29 17:44:21","","","","","","","","Pending","","","","","","Secondary","English"
"003gK0000093N6HQAU","0","","001gK00000I8Z6NQAV","Mr.","John","Bond","","","","","","","","","","","2334 N. Michigan Avenue, Suite 1500 Chicago, IL 60601, USA","","","","","","","","","","(312) 596-1000","(312) 596-1500","(312) 596-1563","","","","","bond_john@grandhotels.com","VP, Facilities","Facilities","","External Referral","1961-06-17 00:00:00","","005gK000006mJuXQAU","0","0","0","2025-08-29 17:44:21","005gK000006mJuXQAU","2025-08-29 17:44:21","005gK000006mJuXQAU","2025-08-29 17:44:21","","","","","","","","Pending","","","","","","Primary","English"
"003gK0000093N6IQAU","0","","001gK00000I8Z6OQAV","Ms.","Stella","Pavlova","","","","","","","","","","","1303 Avenue of the Americas  New York, NY 10019 USA","","","","","","","","","","(212) 842-5500","(212) 842-5501","(212) 842-5501","","(212) 842-5543","(212) 842-5589","","spavlova@uog.com","SVP, Production","Production","Audrey Haynes","Public Relations","1948-12-01 00:00:00","","005gK000006mJuXQAU","0","0","0","2025-08-29 17:44:21","005gK000006mJuXQAU","2025-08-29 17:44:21","005gK000006mJuXQAU","2025-08-29 17:44:21","","","","","","","","Pending","","","","","","Tertiary","English"
"003gK0000093N6JQAU","0","","001gK00000I8Z6OQAV","Ms.","Lauren","Boyle","","","","","","","","","","","1304 Avenue of the Americas  New York, NY 10019 USA","","","","","","","","","","(212) 842-5500","(212) 842-5501","(212) 842-5611","","","","","lboyle@uog.com","SVP, Technology","Technology","","Public Relations","1966-01-14 00:00:00","","005gK000006mJuXQAU","0","0","0","2025-08-29 17:44:21","005gK000006mJuXQAU","2025-08-29 17:44:21","005gK000006mJuXQAU","2025-08-29 17:44:21","","","","","","","","Pending","","","","","","Secondary","English"
"003gK0000093N6KQAU","0","","001gK00000I8Z6PQAV","Ms.","Babara","Levy","","","","","","","","","","","620 SW 5th Avenue Suite 400 Portland, Oregon 97204 United States","","","","","","","","","","(503) 421-7800","(503) 421-7801","(503) 421-5451","","","(503) 421-6782","","b.levy@expressl&t.net","SVP, Operations","Operations","Ron Sage","Word of mouth","1942-07-18 00:00:00","","005gK000006mJuXQAU","0","0","0","2025-08-29 17:44:21","005gK000006mJuXQAU","2025-08-29 17:44:21","005gK000006mJuXQAU","2025-08-29 17:44:21","","","","","","","","Pending","","","","","","Primary","English"
"003gK0000093N6LQAU","0","","001gK00000I8Z6PQAV","Mr.","Josh","Davis","","","","","","","","","","","621 SW 5th Avenue Suite 400 Portland, Oregon 97204 United States","","","","","","","","","","(503) 421-7800","(503) 421-7801","(503) 421-4387","","","","","j.davis@expressl&t.net","Director, Warehouse Mgmt","Warehouse Mgmt","","Word of mouth","1953-11-11 00:00:00","","005gK000006mJuXQAU","0","0","0","2025-08-29 17:44:21","005gK000006mJuXQAU","2025-08-29 17:44:21","005gK000006mJuXQAU","2025-08-29 17:44:21","","","","","","","","Pending","","","","","","Secondary","English"
"003gK0000093N6MQAU","0","","001gK00000I8Z6QQAV","Ms.","Jane","Grey","","","","","","","","","","","888 N Euclid  Hallis Center, Room 501 Tucson, AZ 85721 United States","","","","","","","","","","(520) 773-9050","(520) 773-9060","(520) 773-4539","","","","","jane_gray@uoa.edu","Dean of Administration","Administration","","Word of mouth","1949-09-28 00:00:00","","005gK000006mJuXQAU","0","0","0","2025-08-29 17:44:21","005gK000006mJuXQAU","2025-08-29 17:44:21","005gK000006mJuXQAU","2025-08-29 17:44:21","","","","","","","","Pending","","","","","","Primary","English"
"003gK0000093N6NQAU","0","","001gK00000I8Z6OQAV","Mr.","Arthur","Song","","","","","","","","","","","1301 Avenue of the Americas  New York, NY 10019 USA","","","","","","","","","","(212) 842-5500","(212) 842-5501","(212) 842-4535","","","(212) 842-5464","","asong@uog.com","CEO","Executive Team","Pat Feinstein","Public Relations","1957-03-29 00:00:00","","005gK000006mJuXQAU","0","0","0","2025-08-29 17:44:21","005gK000006mJuXQAU","2025-08-29 17:44:21","005gK000006mJuXQAU","2025-08-29 17:44:21","","","","","","","","Pending","","","","","","Secondary","English"
"003gK0000093N6OQAU","0","","001gK00000I8Z6RQAV","Ms.","Ashley","James","","","","","","","","","","","Kings Park, 17th Avenue, Team Valley Trading Estate, Gateshead, Tyne and Wear NE26 3HS United Kingdom","","","","","","","","","","+44 191 4956203","+44 191 4956620","+44 191 3456234","","","","","ajames@uog.com","VP, Finance","Finance","","Public Relations","1951-12-07 00:00:00","","005gK000006mJuXQAU","0","0","0","2025-08-29 17:44:21","005gK000006mJuXQAU","2025-08-29 17:44:21","005gK000006mJuXQAU","2025-08-29 17:44:21","","","","","","","","Pending","","","","","","Primary","English"
"003gK0000093N6PQAU","0","","001gK00000I8Z6SQAV","Mr.","Tom","Ripley","","","","","","","","","","","9 Tagore Lane Singapore, Singapore 787472 Singapore","","","","","","","","","","(650) 450-8810","(650) 450-8820","(650) 345-7636","","","","","tripley@uog.com","Regional General Manager","Executive Team","","Public Relations","1956-02-03 00:00:00","","005gK000006mJuXQAU","0","0","0","2025-08-29 17:44:21","005gK000006mJuXQAU","2025-08-29 17:44:21","005gK000006mJuXQAU","2025-08-29 17:44:21","","","","","","","","Pending","","","","","","Primary","English"
"003gK0000093N6QQAU","0","","001gK00000I8Z6SQAV","Ms.","Liz","D'Cruz","","","","","","","","","","","10 Tagore Lane Singapore, Singapore 787472 Singapore","","","","","","","","","","(650) 450-8810","(650) 450-8820","(650) 345-6637","","","","","ldcruz@uog.com","VP, Production","Production","","Public Relations","1967-05-16 00:00:00","","005gK000006mJuXQAU","0","0","0","2025-08-29 17:44:21","005gK000006mJuXQAU","2025-08-29 17:44:21","005gK000006mJuXQAU","2025-08-29 17:44:21","","","","","","","","Pending","","","","","","Secondary","English"
"003gK0000093N6RQAU","0","","001gK00000I8Z6TQAV","Ms.","Edna","Frank","","","","","","","","","","","345 Shoreline Park Mountain View, CA 94043 USA","","","","","","","","","","(650) 867-3450","(650) 867-9895","(650) 867-7686","","","","","efrank@genepoint.com","VP, Technology","Technology","","Partner","1947-10-21 00:00:00","","005gK000006mJuXQAU","0","0","0","2025-08-29 17:44:21","005gK000006mJuXQAU","2025-08-29 17:44:21","005gK000006mJuXQAU","2025-08-29 17:44:21","","","","","","","","Pending","","","","","","Primary","English"
"003gK0000093N6SQAU","0","","001gK00000I8Z6OQAV","Mr.","Avi","Green","","","","","","","","","","","1302 Avenue of the Americas  New York, NY 10019 USA","","","","","","","","","","(212) 842-5500","(212) 842-5501","(212) 842-2383","","","(212) 842-5428","","agreen@uog.com","CFO","Finance","Chris Nobel","Public Relations","1939-03-10 00:00:00","","005gK000006mJuXQAU","0","0","0","2025-08-29 17:44:21","005gK000006mJuXQAU","2025-08-29 17:44:21","005gK000006mJuXQAU","2025-08-29 17:44:21","","","","","","","","Pending","","","","","","Primary","English"
"003gK0000093N6TQAU","0","","001gK00000I8Z6UQAV","Ms.","Siddartha","Nedaerk","","","","","","","","","","","The Landmark @ One Market","San Francisco","CA","94087","US","CA","US","","","","","","","","","","","","","","","","","","005gK000006mJuXQAU","0","0","0","2025-08-29 17:44:21","005gK000006mJuXQAU","2025-08-29 17:44:21","005gK000006mJuXQAU","2025-08-29 17:44:21","","","","","","","","Pending","","","","","","",""
"003gK0000093N6UQAU","0","","001gK00000I8Z6UQAV","Mr.","Jake","Llorrac","","","","","","","","","","","","","","","","","","","","","","","","","","","","","","","","","","","005gK000006mJuXQAU","0","0","0","2025-08-29 17:44:21","005gK000006mJuXQAU","2025-08-29 17:44:21","005gK000006mJuXQAU","2025-08-29 17:44:21","","","","","","","","Pending","","","","","","",""
