"Id","IsDeleted","Name","CreatedDate","CreatedById","LastModifiedDate","LastModifiedById","SystemModstamp","ManagedContentSpaceId","ModuleDefinition","ModuleStatus"
"0sMgK000003EmhNUAS","0","ChannelManagement","2025-08-29 17:44:21","005gK000006mLGQQA2","2025-08-29 17:44:21","005gK000006mLGQQA2","2025-08-29 17:44:21","0ZugK000003FBnpSAG","sfdc_cms__channelManagement","ENABLED"
"0sMgK000003EmhOUAS","0","Common","2025-08-29 17:44:21","005gK000006mLGQQA2","2025-08-29 17:44:21","005gK000006mLGQQA2","2025-08-29 17:44:21","0ZugK000003FBnpSAG","sfdc_cms__common","ENABLED"
"0sMgK000003EmhPUAS","0","ExportImport","2025-08-29 17:44:21","005gK000006mLGQQA2","2025-08-29 17:44:21","005gK000006mLGQQA2","2025-08-29 17:44:21","0ZugK000003FBnpSAG","sfdc_cms__exportImport","ENABLED"
"0sMgK000003EmhQUAS","0","Folder Share","2025-08-29 17:44:21","005gK000006mLGQQA2","2025-08-29 17:44:21","005gK000006mLGQQA2","2025-08-29 17:44:21","0ZugK000003FBnpSAG","sfdc_cms__folderShare","ENABLED"
"0sMgK000003EmhRUAS","0","Localization","2025-08-29 17:44:21","005gK000006mLGQQA2","2025-08-29 17:44:21","005gK000006mLGQQA2","2025-08-29 17:44:21","0ZugK000003FBnpSAG","sfdc_cms__localization","ENABLED"
"0sMgK000003EmhSUAS","0","Metadata","2025-08-29 17:44:21","005gK000006mLGQQA2","2025-08-29 17:44:21","005gK000006mLGQQA2","2025-08-29 17:44:21","0ZugK000003FBnpSAG","sfdc_cms__metadata","ENABLED"
"0sMgK000003EmhTUAS","0","Packaging","2025-08-29 17:44:21","005gK000006mLGQQA2","2025-08-29 17:44:21","005gK000006mLGQQA2","2025-08-29 17:44:21","0ZugK000003FBnpSAG","sfdc_cms__packaging","ENABLED"
"0sMgK000003EmhUUAS","0","UserManagement","2025-08-29 17:44:21","005gK000006mLGQQA2","2025-08-29 17:44:21","005gK000006mLGQQA2","2025-08-29 17:44:21","0ZugK000003FBnpSAG","sfdc_cms__userManagement","ENABLED"
"0sMgK000003EmhVUAS","0","Enablement Authoring Lesson","2025-08-29 17:44:21","005gK000006mLGQQA2","2025-08-29 17:44:21","005gK000006mLGQQA2","2025-08-29 17:44:21","0ZugK000003FBnpSAG","sfdc_enablement__authoring_lesson","ENABLED"
