"Id","Name","ModuleNamespace","Description","BusinessProcessId","SobjectType","IsActive","CreatedById","CreatedDate","LastModifiedById","LastModifiedDate","SystemModstamp","IsDeleted"
"012gK000002AFFxQAO","Internal Zone: Question Record Type","","Record type used to associate Question with a specific zone","","Question","1","005gK000006mLGQQA2","2025-08-29 17:44:21","005gK000006mLGQQA2","2025-08-29 17:44:21","2025-08-29 17:44:21","0"
"012gK000002AFFyQAO","Internal Zone: Reply Record Type","","Record type used to associate Reply with a specific zone","","Reply","1","005gK000006mLGQQA2","2025-08-29 17:44:21","005gK000006mLGQQA2","2025-08-29 17:44:21","2025-08-29 17:44:21","0"
"012gK000002AFFzQAO","Progress","","Measure achievement based on how much is finished compared to a targeted value. Ideal for tracking hard numbers and percentages. For example: Convert 50 Leads or Achieve 100% Customer Satisfaction.","","Metric","1","005gK000006mJuXQAU","2025-08-29 17:44:21","005gK000006mJuXQAU","2025-08-29 17:44:21","2025-08-29 17:44:21","0"
"012gK000002AFG0QAO","Completion","","Measure achievement based on whether or not the metric is finished. Ideal for tracking milestones, or when you don't have metrics based on hard numbers. For example: Become Salesforce Certified.","","Metric","1","005gK000006mJuXQAU","2025-08-29 17:44:21","005gK000006mJuXQAU","2025-08-29 17:44:21","2025-08-29 17:44:21","0"
"012gK000002AFG1QAO","Internal Ideas: Idea Record Type","","Record Type used to associate ideas with a specific community","","Idea","1","005gK000006mJuXQAU","2025-08-29 17:44:21","005gK000006mJuXQAU","2025-08-29 17:44:21","2025-08-29 17:44:21","0"
