"Id","IsDeleted","Name","CreatedDate","CreatedById","LastModifiedDate","LastModifiedById","SystemModstamp","ReleaseUpdateId","Status"
"1RLgK000003MahRWAS","0","Check","2025-08-29 17:44:21","005gK000006mLGQQA2","2025-08-29 17:44:21","005gK000006mLGQQA2","2025-08-29 17:44:21","EnableEnhancedDomainsReleaseUpdate","Complete"
"1RLgK000003MahSWAS","0","Confirm","2025-08-29 17:44:21","005gK000006mLGQQA2","2025-08-29 17:44:21","005gK000006mLGQQA2","2025-08-29 17:44:21","EnableEnhancedDomainsReleaseUpdate","New"
"1RLgK000003MahTWAS","0","Deploy","2025-08-29 17:44:21","005gK000006mLGQQA2","2025-08-29 17:44:21","005gK000006mLGQQA2","2025-08-29 17:44:21","EnableEnhancedDomainsReleaseUpdate","Complete"
"1RLgK000003MahUWAS","0","Enable","2025-08-29 17:44:21","005gK000006mLGQQA2","2025-08-29 17:44:21","005gK000006mLGQQA2","2025-08-29 17:44:21","EnableEnhancedDomainsReleaseUpdate","Complete"
"1RLgK000003MahVWAS","0","UpdateFirst","2025-08-29 17:44:21","005gK000006mLGQQA2","2025-08-29 17:44:21","005gK000006mLGQQA2","2025-08-29 17:44:21","EnableEnhancedDomainsReleaseUpdate","New"
"1RLgK000003MahWWAS","0","UpdateSecond","2025-08-29 17:44:21","005gK000006mLGQQA2","2025-08-29 17:44:21","005gK000006mLGQQA2","2025-08-29 17:44:21","EnableEnhancedDomainsReleaseUpdate","New"
