"Id","IsDeleted","Name","CreatedDate","CreatedById","LastModifiedDate","LastModifiedById","SystemModstamp","ReleaseUpdateId","Number","Status"
"1RSgK000003MQWnWAO","0","Check","2025-08-29 17:44:21","005gK000006mLGQQA2","2025-08-29 17:44:21","005gK000006mLGQQA2","2025-08-29 17:44:21","EnableEnhancedDomainsReleaseUpdate","1","Complete"
"1RSgK000003MQWoWAO","0","Enable","2025-08-29 17:44:21","005gK000006mLGQQA2","2025-08-29 17:44:21","005gK000006mLGQQA2","2025-08-29 17:44:21","EnableEnhancedDomainsReleaseUpdate","2","Complete"
"1RSgK000003MQWpWAO","0","Deploy","2025-08-29 17:44:21","005gK000006mLGQQA2","2025-08-29 17:44:21","005gK000006mLGQQA2","2025-08-29 17:44:21","EnableEnhancedDomainsReleaseUpdate","3","Complete"
"1RSgK000003MQWqWAO","0","UpdateFirst","2025-08-29 17:44:21","005gK000006mLGQQA2","2025-08-29 17:44:21","005gK000006mLGQQA2","2025-08-29 17:44:21","EnableEnhancedDomainsReleaseUpdate","4","New"
"1RSgK000003MQWrWAO","0","UpdateSecond","2025-08-29 17:44:21","005gK000006mLGQQA2","2025-08-29 17:44:21","005gK000006mLGQQA2","2025-08-29 17:44:21","EnableEnhancedDomainsReleaseUpdate","5","New"
"1RSgK000003MQWsWAO","0","Confirm","2025-08-29 17:44:21","005gK000006mLGQQA2","2025-08-29 17:44:21","005gK000006mLGQQA2","2025-08-29 17:44:21","EnableEnhancedDomainsReleaseUpdate","6","New"
