"Id","IsDeleted","Name","CreatedDate","CreatedById","LastModifiedDate","LastModifiedById","SystemModstamp","Tenant","MetricsType","Count","StartProcessTime","EndProcessTime","MetricIdentifier","PreviousMetricIdentifier","ChangeCount"
"4a8gK00000IDO5nQAH","0","EPIC OrgFarm","2025-08-29 17:53:19","005gK000006mLGQQA2","2025-08-29 17:53:19","005gK000006mLGQQA2","2025-08-29 17:53:19","00DgK00000AIwKj","TenantInfo","1","2025-08-29 17:53:19","2025-08-29 17:53:19","265cad7e42f34ce9aa6baa1e45419a35","0000000017513898ffffffff9a9e74e6","1"
"4a8gK00000IN5aXQAT","0","EPIC OrgFarm","2025-08-30 10:35:47","005gK000006mLGQQA2","2025-08-30 10:35:47","005gK000006mLGQQA2","2025-08-30 10:35:47","00DgK00000AIwKj","LoginsWithUNPW","0","2025-08-29 00:00:00","2025-08-29 23:59:59","1ce7ee3cb36b41a6b8b178237ddc62f7","0000000044aefc28000000001e4ca0be","0"
"4a8gK00000IN5aYQAT","0","EPIC OrgFarm","2025-08-30 10:35:47","005gK000006mLGQQA2","2025-08-30 10:35:47","005gK000006mLGQQA2","2025-08-30 10:35:47","00DgK00000AIwKj","LoginsWithUNPW2FA","0","2025-08-29 00:00:00","2025-08-29 23:59:59","2ebdda91a40a4d28a095e425885482ad","0000000044aefc28fffffffffba25491","0"
"4a8gK00000INenzQAD","0","EPIC OrgFarm","2025-08-30 10:35:47","005gK000006mLGQQA2","2025-08-30 10:35:47","005gK000006mLGQQA2","2025-08-30 10:35:47","00DgK00000AIwKj","LoginsWithExternalUser","0","2025-08-29 00:00:00","2025-08-29 23:59:59","9ab8c394d1874f1ca06693c5067a72ff","0000000044aefc28ffffffffb2228888","0"
"4a8gK00000INeo0QAD","0","EPIC OrgFarm","2025-08-30 10:35:47","005gK000006mLGQQA2","2025-08-30 10:35:47","005gK000006mLGQQA2","2025-08-30 10:35:47","00DgK00000AIwKj","LoginsWithExternalUser2FA","0","2025-08-29 00:00:00","2025-08-29 23:59:59","ade368f313b04dc9b3ccab213458a59a","0000000044aefc28ffffffffc50ae087","0"
"4a8gK00000INfUxQAL","0","EPIC OrgFarm","2025-08-30 10:35:47","005gK000006mLGQQA2","2025-08-30 10:35:47","005gK000006mLGQQA2","2025-08-30 10:35:47","00DgK00000AIwKj","LoginsWithOAUTH","0","2025-08-29 00:00:00","2025-08-29 23:59:59","1f2c15f5a5d14aff9c25281c95a41243","0000000044aefc28000000001e05dc67","0"
"4a8gK00000INfUyQAL","0","EPIC OrgFarm","2025-08-30 10:35:47","005gK000006mLGQQA2","2025-08-30 10:35:47","005gK000006mLGQQA2","2025-08-30 10:35:47","00DgK00000AIwKj","LoginsWithOAUTH2FA","0","2025-08-29 00:00:00","2025-08-29 23:59:59","35acc3f6d4b04b8ca457b4faf9a9d0eb","0000000044aefc28ffffffffd0680c48","0"
"4a8gK00000INkTBQA1","0","EPIC OrgFarm","2025-08-30 10:35:47","005gK000006mLGQQA2","2025-08-30 10:35:47","005gK000006mLGQQA2","2025-08-30 10:35:47","00DgK00000AIwKj","LoginsWithSSO","0","2025-08-29 00:00:00","2025-08-29 23:59:59","503f5841e04247fd9886471c03e5d3fe","0000000044aefc28ffffffffca66dfef","0"
"4a8gK00000INkTCQA1","0","EPIC OrgFarm","2025-08-30 10:35:47","005gK000006mLGQQA2","2025-08-30 10:35:47","005gK000006mLGQQA2","2025-08-30 10:35:47","00DgK00000AIwKj","LoginsWithSSO2FA","0","2025-08-29 00:00:00","2025-08-29 23:59:59","d5a5f1ad6a1e43d0bd6e0a534f73db77","0000000044aefc28ffffffffbe01fbc0","0"
"4a8gK00000INqqVQAT","0","EPIC OrgFarm","2025-08-30 10:35:47","005gK000006mLGQQA2","2025-08-30 10:35:47","005gK000006mLGQQA2","2025-08-30 10:35:47","00DgK00000AIwKj","LoginsWithPWLESS","0","2025-08-29 00:00:00","2025-08-29 23:59:59","1668160988c045228ce988d9dd849a72","0000000044aefc28ffffffffa4dccefe","0"
"4a8gK00000INqqWQAT","0","EPIC OrgFarm","2025-08-30 10:35:47","005gK000006mLGQQA2","2025-08-30 10:35:47","005gK000006mLGQQA2","2025-08-30 10:35:47","00DgK00000AIwKj","LoginsWithPWLESS2FA","0","2025-08-29 00:00:00","2025-08-29 23:59:59","b0edbcf6a02642d282ef95ce0b08ea4d","0000000044aefc280000000040187e51","0"
"4a8gK00000IbvW9QAJ","0","EPIC OrgFarm","2025-08-31 09:51:00","005gK000006mLGQQA2","2025-08-31 09:51:00","005gK000006mLGQQA2","2025-08-31 09:51:00","00DgK00000AIwKj","LoginsWithUNPW","0","2025-08-30 00:00:00","2025-08-30 23:59:59","644ef35e16184d70a6a5b0326f61d049","ffffffffebc6ee2dffffffffc56492c3","0"
"4a8gK00000IbvWAQAZ","0","EPIC OrgFarm","2025-08-31 09:51:00","005gK000006mLGQQA2","2025-08-31 09:51:00","005gK000006mLGQQA2","2025-08-31 09:51:00","00DgK00000AIwKj","LoginsWithUNPW2FA","0","2025-08-30 00:00:00","2025-08-30 23:59:59","9b9ac24fa3b44e6aa7e438c4f4889068","ffffffffebc6ee2dffffffffa2ba4696","0"
"4a8gK00000IbwIRQAZ","0","EPIC OrgFarm","2025-08-31 09:51:00","005gK000006mLGQQA2","2025-08-31 09:51:00","005gK000006mLGQQA2","2025-08-31 09:51:00","00DgK00000AIwKj","LoginsWithPWLESS","0","2025-08-30 00:00:00","2025-08-30 23:59:59","10f0008f93ea4cb08a285230f121392c","ffffffffebc6ee2d000000004bf4c103","0"
"4a8gK00000IbwISQAZ","0","EPIC OrgFarm","2025-08-31 09:51:00","005gK000006mLGQQA2","2025-08-31 09:51:00","005gK000006mLGQQA2","2025-08-31 09:51:00","00DgK00000AIwKj","LoginsWithPWLESS2FA","0","2025-08-30 00:00:00","2025-08-30 23:59:59","acc93d4d6bc841a8bec95b578555c48a","ffffffffebc6ee2dffffffffe7307056","0"
"4a8gK00000Ibwj9QAB","0","EPIC OrgFarm","2025-08-31 09:51:01","005gK000006mLGQQA2","2025-08-31 09:51:01","005gK000006mLGQQA2","2025-08-31 09:51:01","00DgK00000AIwKj","LoginsWithSSO","0","2025-08-30 00:00:00","2025-08-30 23:59:59","c3bbfbd07bb84041a1a05696ca14ee65","ffffffffebc6ee2d00000000717ed1f4","0"
"4a8gK00000IbwjAQAR","0","EPIC OrgFarm","2025-08-31 09:51:01","005gK000006mLGQQA2","2025-08-31 09:51:01","005gK000006mLGQQA2","2025-08-31 09:51:01","00DgK00000AIwKj","LoginsWithSSO2FA","0","2025-08-30 00:00:00","2025-08-30 23:59:59","4f6e365674e649cf831532ffa2118373","ffffffffebc6ee2d000000006519edc5","0"
"4a8gK00000IbxTpQAJ","0","EPIC OrgFarm","2025-08-31 09:51:00","005gK000006mLGQQA2","2025-08-31 09:51:00","005gK000006mLGQQA2","2025-08-31 09:51:00","00DgK00000AIwKj","LoginsWithOAUTH","0","2025-08-30 00:00:00","2025-08-30 23:59:59","84e8668376954468b2123e255c546165","ffffffffebc6ee2dffffffffc51dce6c","0"
"4a8gK00000IbxTqQAJ","0","EPIC OrgFarm","2025-08-31 09:51:00","005gK000006mLGQQA2","2025-08-31 09:51:00","005gK000006mLGQQA2","2025-08-31 09:51:00","00DgK00000AIwKj","LoginsWithOAUTH2FA","0","2025-08-30 00:00:00","2025-08-30 23:59:59","48f342dd5e904e9a8e70b803f77ec0c3","ffffffffebc6ee2d00000000777ffe4d","0"
"4a8gK00000IbzGxQAJ","0","EPIC OrgFarm","2025-08-31 09:51:00","005gK000006mLGQQA2","2025-08-31 09:51:00","005gK000006mLGQQA2","2025-08-31 09:51:00","00DgK00000AIwKj","LoginsWithExternalUser","0","2025-08-30 00:00:00","2025-08-30 23:59:59","3a69ac2cb4324de0a303b2c57e2c5250","ffffffffebc6ee2d00000000593a7a8d","0"
"4a8gK00000IbzGyQAJ","0","EPIC OrgFarm","2025-08-31 09:51:00","005gK000006mLGQQA2","2025-08-31 09:51:00","005gK000006mLGQQA2","2025-08-31 09:51:00","00DgK00000AIwKj","LoginsWithExternalUser2FA","0","2025-08-30 00:00:00","2025-08-30 23:59:59","d743d21287d34c2aa765c665f73b3d86","ffffffffebc6ee2d000000006c22d28c","0"
"4a8gK00000IosYnQAJ","0","EPIC OrgFarm","2025-09-01 08:14:03","005gK000006mLGQQA2","2025-09-01 08:14:03","005gK000006mLGQQA2","2025-09-01 08:14:03","00DgK00000AIwKj","LoginsWithPWLESS","0","2025-08-31 00:00:00","2025-08-31 23:59:59","f024985af49c4687968b074822b2260d","000000004b64a5c7ffffffffab92789d","0"
"4a8gK00000IosYoQAJ","0","EPIC OrgFarm","2025-09-01 08:14:03","005gK000006mLGQQA2","2025-09-01 08:14:03","005gK000006mLGQQA2","2025-09-01 08:14:03","00DgK00000AIwKj","LoginsWithPWLESS2FA","0","2025-08-31 00:00:00","2025-08-31 23:59:59","7eb1ca28c3e84200bf129a91a2f2b5a7","000000004b64a5c70000000046ce27f0","0"
"4a8gK00000Ioy2hQAB","0","EPIC OrgFarm","2025-09-01 08:13:54","005gK000006mLGQQA2","2025-09-01 08:13:54","005gK000006mLGQQA2","2025-09-01 08:13:54","00DgK00000AIwKj","LoginsWithSSO","0","2025-08-31 00:00:00","2025-08-31 23:59:59","626d18ea747d48e495d6f0216dc13e35","000000004b64a5c7ffffffffd11c898e","0"
"4a8gK00000Ioy2iQAB","0","EPIC OrgFarm","2025-09-01 08:13:54","005gK000006mLGQQA2","2025-09-01 08:13:54","005gK000006mLGQQA2","2025-09-01 08:13:54","00DgK00000AIwKj","LoginsWithSSO2FA","0","2025-08-31 00:00:00","2025-08-31 23:59:59","6aaf64d37e794e2bb21ac66620ef9058","000000004b64a5c7ffffffffc4b7a55f","0"
"4a8gK00000Ip4wSQAR","0","EPIC OrgFarm","2025-09-01 08:13:54","005gK000006mLGQQA2","2025-09-01 08:13:54","005gK000006mLGQQA2","2025-09-01 08:13:54","00DgK00000AIwKj","LoginsWithUNPW","0","2025-08-31 00:00:00","2025-08-31 23:59:59","925e893bf8fd43e3a9cf621ff6a706f9","000000004b64a5c70000000025024a5d","0"
"4a8gK00000Ip4wTQAR","0","EPIC OrgFarm","2025-09-01 08:13:54","005gK000006mLGQQA2","2025-09-01 08:13:54","005gK000006mLGQQA2","2025-09-01 08:13:54","00DgK00000AIwKj","LoginsWithUNPW2FA","0","2025-08-31 00:00:00","2025-08-31 23:59:59","ac8202e0d32e4207b60196fd4e63292e","000000004b64a5c7000000000257fe30","0"
"4a8gK00000Ip6kTQAR","0","EPIC OrgFarm","2025-09-01 08:13:54","005gK000006mLGQQA2","2025-09-01 08:13:54","005gK000006mLGQQA2","2025-09-01 08:13:54","00DgK00000AIwKj","LoginsWithExternalUser","0","2025-08-31 00:00:00","2025-08-31 23:59:59","afcf0be31c634ba9ae708241af5793ca","000000004b64a5c7ffffffffb8d83227","0"
"4a8gK00000Ip6kUQAR","0","EPIC OrgFarm","2025-09-01 08:13:54","005gK000006mLGQQA2","2025-09-01 08:13:54","005gK000006mLGQQA2","2025-09-01 08:13:54","00DgK00000AIwKj","LoginsWithExternalUser2FA","0","2025-08-31 00:00:00","2025-08-31 23:59:59","43477640842146c28698f9c25dd1a754","000000004b64a5c7ffffffffcbc08a26","0"
"4a8gK00000Ip8irQAB","0","EPIC OrgFarm","2025-09-01 08:13:54","005gK000006mLGQQA2","2025-09-01 08:13:54","005gK000006mLGQQA2","2025-09-01 08:13:54","00DgK00000AIwKj","LoginsWithOAUTH","0","2025-08-31 00:00:00","2025-08-31 23:59:59","180acc050c5a4c1da9e5ee84c712e4b9","000000004b64a5c70000000024bb8606","0"
"4a8gK00000Ip8isQAB","0","EPIC OrgFarm","2025-09-01 08:13:54","005gK000006mLGQQA2","2025-09-01 08:13:54","005gK000006mLGQQA2","2025-09-01 08:13:54","00DgK00000AIwKj","LoginsWithOAUTH2FA","0","2025-08-31 00:00:00","2025-08-31 23:59:59","a927c6bc5524401b9dda458727a287ba","000000004b64a5c7ffffffffd71db5e7","0"
"4a8gK00000J8DU1QAN","0","EPIC OrgFarm","2025-09-02 14:23:50","005gK000006mLGQQA2","2025-09-02 14:23:50","005gK000006mLGQQA2","2025-09-02 14:23:50","00DgK00000AIwKj","LoginsWithSSO","0","2025-09-01 00:00:00","2025-09-01 23:59:59","a68072d0b3424718b983d08e656a0a25","ffffffffced8226c0000000054900633","0"
"4a8gK00000J8DU2QAN","0","EPIC OrgFarm","2025-09-02 14:23:50","005gK000006mLGQQA2","2025-09-02 14:23:50","005gK000006mLGQQA2","2025-09-02 14:23:50","00DgK00000AIwKj","LoginsWithSSO2FA","0","2025-09-01 00:00:00","2025-09-01 23:59:59","5b8c712970d048959315b1de8f962bb3","ffffffffced8226c00000000482b2204","0"
"4a8gK00000J8EOjQAN","0","EPIC OrgFarm","2025-09-02 14:23:49","005gK000006mLGQQA2","2025-09-02 14:23:49","005gK000006mLGQQA2","2025-09-02 14:23:49","00DgK00000AIwKj","LoginsWithUNPW","0","2025-09-01 00:00:00","2025-09-01 23:59:59","64ff707228e4467f80d6c10f67690932","ffffffffced8226cffffffffa875c702","0"
"4a8gK00000J8EOkQAN","0","EPIC OrgFarm","2025-09-02 14:23:49","005gK000006mLGQQA2","2025-09-02 14:23:49","005gK000006mLGQQA2","2025-09-02 14:23:49","00DgK00000AIwKj","LoginsWithUNPW2FA","0","2025-09-01 00:00:00","2025-09-01 23:59:59","41baf5ab7e4a42bea3b5239534d1fc76","ffffffffced8226cffffffff85cb7ad5","0"
"4a8gK00000J8TAFQA3","0","EPIC OrgFarm","2025-09-02 14:23:49","005gK000006mLGQQA2","2025-09-02 14:23:49","005gK000006mLGQQA2","2025-09-02 14:23:49","00DgK00000AIwKj","LoginsWithOAUTH","0","2025-09-01 00:00:00","2025-09-01 23:59:59","7e91ae18c7b145119d99f9d87a861b15","ffffffffced8226cffffffffa82f02ab","0"
"4a8gK00000J8TAGQA3","0","EPIC OrgFarm","2025-09-02 14:23:49","005gK000006mLGQQA2","2025-09-02 14:23:49","005gK000006mLGQQA2","2025-09-02 14:23:49","00DgK00000AIwKj","LoginsWithOAUTH2FA","0","2025-09-01 00:00:00","2025-09-01 23:59:59","cfd0b328639744abb3c2934f646bdd5b","ffffffffced8226c000000005a91328c","0"
"4a8gK00000J8XqXQAV","0","EPIC OrgFarm","2025-09-02 14:23:49","005gK000006mLGQQA2","2025-09-02 14:23:49","005gK000006mLGQQA2","2025-09-02 14:23:49","00DgK00000AIwKj","LoginsWithPWLESS","0","2025-09-01 00:00:00","2025-09-01 23:59:59","b16ff2d932dc4dc69c3fc64f9e474807","ffffffffced8226c000000002f05f542","0"
"4a8gK00000J8XqYQAV","0","EPIC OrgFarm","2025-09-02 14:23:49","005gK000006mLGQQA2","2025-09-02 14:23:49","005gK000006mLGQQA2","2025-09-02 14:23:49","00DgK00000AIwKj","LoginsWithPWLESS2FA","0","2025-09-01 00:00:00","2025-09-01 23:59:59","cca05c492c5748728274f2f0b21ebbf9","ffffffffced8226cffffffffca41a495","0"
"4a8gK00000J8e5SQAR","0","EPIC OrgFarm","2025-09-02 14:23:49","005gK000006mLGQQA2","2025-09-02 14:23:49","005gK000006mLGQQA2","2025-09-02 14:23:49","00DgK00000AIwKj","LoginsWithExternalUser","0","2025-09-01 00:00:00","2025-09-01 23:59:59","3561d6682f6548a69288ca39bbd8fceb","ffffffffced8226c000000003c4baecc","0"
"4a8gK00000J8e5TQAR","0","EPIC OrgFarm","2025-09-02 14:23:49","005gK000006mLGQQA2","2025-09-02 14:23:49","005gK000006mLGQQA2","2025-09-02 14:23:49","00DgK00000AIwKj","LoginsWithExternalUser2FA","0","2025-09-01 00:00:00","2025-09-01 23:59:59","40dddf36eded4b1a8fcef42edb780ba1","ffffffffced8226c000000004f3406cb","0"
