"Id","IsDeleted","Name","CreatedDate","CreatedById","LastModifiedDate","LastModifiedById","SystemModstamp","UserId","Assistant","Status","CompletionDate","PersistedRules","IsArchived"
"4SSgK000003rTa1WAE","0","sales_engagement_gs","2025-08-29 17:44:21","005gK000006mJuXQAU","2025-08-29 17:44:21","005gK000006mJuXQAU","2025-08-29 17:44:21","005gK000006mJuXQAU","sales_engagement_gs","NotStarted","","SalesEngagementVisibilityRule","0"
"4SSgK000003rTa2WAE","0","Einstein_Scoring","2025-08-29 17:44:21","005gK000006mJuXQAU","2025-08-29 17:44:21","005gK000006mJuXQAU","2025-08-29 17:44:21","005gK000006mJuXQAU","Einstein_Scoring","NotStarted","","EinsteinScoringVisibilityRule","0"
"4SSgK000003rTa3WAE","0","SE_Rollout","2025-08-29 17:44:21","005gK000006mJuXQAU","2025-08-29 17:44:21","005gK000006mJuXQAU","2025-08-29 17:44:21","005gK000006mJuXQAU","SE_Rollout","NotStarted","","SE_Rollout_Visibility_Rule","0"
"4SSgK000003rTa4WAE","0","csg_order_mngmt_commerce","2025-08-29 17:44:21","005gK000006mJuXQAU","2025-08-29 17:44:21","005gK000006mJuXQAU","2025-08-29 17:44:21","005gK000006mJuXQAU","csg_order_mngmt_commerce","NotStarted","","csg_commerce","0"
"4SSgK000003rTa5WAE","0","Service_Automate_Case_Routing","2025-08-29 17:44:21","005gK000006mJuXQAU","2025-08-29 17:44:21","005gK000006mJuXQAU","2025-08-29 17:44:21","005gK000006mJuXQAU","Service_Automate_Case_Routing","NotStarted","","automate_case_routing","0"
"4SSgK000003rTa6WAE","0","SchedulerSettings","2025-08-29 17:44:21","005gK000006mJuXQAU","2025-08-29 17:44:21","005gK000006mJuXQAU","2025-08-29 17:44:21","005gK000006mJuXQAU","SchedulerSettings","NotStarted","","ManageSchedulerVisibilityRule","0"
"4SSgK000003rTa7WAE","0","SE_Email","2025-08-29 17:44:21","005gK000006mJuXQAU","2025-08-29 17:44:21","005gK000006mJuXQAU","2025-08-29 17:44:21","005gK000006mJuXQAU","SE_Email","NotStarted","","EmailIntegrationVisibility,GmailIntegrationVisibility,InboxIntegrationVisibility,OutlookIntegrationVisibility","0"
"4SSgK000003rTa8WAE","0","capture_cases_service","2025-08-29 17:44:21","005gK000006mJuXQAU","2025-08-29 17:44:21","005gK000006mJuXQAU","2025-08-29 17:44:21","005gK000006mJuXQAU","capture_cases_service","NotStarted","","capture_cases_visibility","0"
"4SSgK000003rTa9WAE","0","Gettoknowfieldservice_csg","2025-08-29 17:44:21","005gK000006mJuXQAU","2025-08-29 17:44:21","005gK000006mJuXQAU","2025-08-29 17:44:21","005gK000006mJuXQAU","Gettoknowfieldservice_csg","NotStarted","","FieldService_Visibility","0"
"4SSgK000003rTaAWAU","0","Enablefieldservice_csg","2025-08-29 17:44:21","005gK000006mJuXQAU","2025-08-29 17:44:21","005gK000006mJuXQAU","2025-08-29 17:44:21","005gK000006mJuXQAU","Enablefieldservice_csg","NotStarted","","EnableFieldServiceVisibility","0"
"4SSgK000003rTaBWAU","0","service_console","2025-08-29 17:44:21","005gK000006mJuXQAU","2025-08-29 17:44:21","005gK000006mJuXQAU","2025-08-29 17:44:21","005gK000006mJuXQAU","service_console","NotStarted","","service_console_visibility","0"
"4SSgK000003rTaCWAU","0","SchedulerSetup","2025-08-29 17:44:21","005gK000006mJuXQAU","2025-08-29 17:44:21","005gK000006mJuXQAU","2025-08-29 17:44:21","005gK000006mJuXQAU","SchedulerSetup","NotStarted","","SetupSchedulerVisibilityRule","0"
"4SSgK000003rTaDWAU","0","digital_engagement","2025-08-29 17:44:21","005gK000006mJuXQAU","2025-08-29 17:44:21","005gK000006mJuXQAU","2025-08-29 17:44:21","005gK000006mJuXQAU","digital_engagement","NotStarted","","digital_engagement_onboarding","0"
"4SSgK000003rTaEWAU","0","csg_scheduler_request_appointments","2025-08-29 17:44:21","005gK000006mJuXQAU","2025-08-29 17:44:21","005gK000006mJuXQAU","2025-08-29 17:44:21","005gK000006mJuXQAU","csg_scheduler_request_appointments","NotStarted","","csg_scheduler_request_appointments_Visibility","0"
"4SSgK000003rTaFWAU","0","csg_scheduler_internal_users","2025-08-29 17:44:21","005gK000006mJuXQAU","2025-08-29 17:44:21","005gK000006mJuXQAU","2025-08-29 17:44:21","005gK000006mJuXQAU","csg_scheduler_internal_users","NotStarted","","csg_scheduler_internal_users_Visibility","0"
"4SSgK000003rTaGWAU","0","csg_scheduler_guest","2025-08-29 17:44:21","005gK000006mJuXQAU","2025-08-29 17:44:21","005gK000006mJuXQAU","2025-08-29 17:44:21","005gK000006mJuXQAU","csg_scheduler_guest","NotStarted","","csg_scheduler_guest_Visibility","0"
"4SSgK000003rTaIWAU","0","csg_scheduler_self_manage","2025-08-29 17:44:21","005gK000006mJuXQAU","2025-08-29 17:44:21","005gK000006mJuXQAU","2025-08-29 17:44:21","005gK000006mJuXQAU","csg_scheduler_self_manage","NotStarted","","csg_scheduler_self_manage_Visibility","0"
"4SSgK000003rTaJWAU","0","csg_einstein_bots","2025-08-29 17:44:21","005gK000006mJuXQAU","2025-08-29 17:44:21","005gK000006mJuXQAU","2025-08-29 17:44:21","005gK000006mJuXQAU","csg_einstein_bots","NotStarted","","csg_einstein_bots_Visibility","0"
"4SSgK000003rTaKWAU","0","csg_scheduler_troubleshoot","2025-08-29 17:44:21","005gK000006mJuXQAU","2025-08-29 17:44:21","005gK000006mJuXQAU","2025-08-29 17:44:21","005gK000006mJuXQAU","csg_scheduler_troubleshoot","NotStarted","","csg_scheduler_troubleshoot_Visibility","0"
"4SSgK000003rTaLWAU","0","csg_scheduler_territory_outages","2025-08-29 17:44:21","005gK000006mJuXQAU","2025-08-29 17:44:21","005gK000006mJuXQAU","2025-08-29 17:44:21","005gK000006mJuXQAU","csg_scheduler_territory_outages","NotStarted","","csg_territory_outages_VisibilityRule","0"
"4SSgK000003rTaMWAU","0","multi_factor_authentication","2025-08-29 17:44:21","005gK000006mJuXQAU","2025-08-29 17:44:21","005gK000006mJuXQAU","2025-08-29 17:44:21","005gK000006mJuXQAU","multi_factor_authentication","NotStarted","","mfa_always_show","0"
"4SSgK000003rTaNWAU","0","SetUpCases","2025-08-29 17:44:21","005gK000006mJuXQAU","2025-08-29 17:44:21","005gK000006mJuXQAU","2025-08-29 17:44:21","005gK000006mJuXQAU","SetUpCases","NotStarted","","setupcasesvisibility","0"
"4SSgK000003rTaOWAU","0","csg_sales_leads_opportunities","2025-08-29 17:44:21","005gK000006mJuXQAU","2025-08-29 17:44:21","005gK000006mJuXQAU","2025-08-29 17:44:21","005gK000006mJuXQAU","csg_sales_leads_opportunities","NotStarted","","LeadsOpportunitiesVisibility","0"
"4SSgK000003rTaPWAU","0","ManageSalesData","2025-08-29 17:44:21","005gK000006mJuXQAU","2025-08-29 17:44:21","005gK000006mJuXQAU","2025-08-29 17:44:21","005gK000006mJuXQAU","ManageSalesData","NotStarted","","SalesData","0"
"4SSgK000003rTaQWAU","0","csg_automate_abp","2025-08-29 17:44:21","005gK000006mJuXQAU","2025-08-29 17:44:21","005gK000006mJuXQAU","2025-08-29 17:44:21","005gK000006mJuXQAU","csg_automate_abp","NotStarted","","csg_automate_abp_Visibility","0"
"4SSgK000003rTaRWAU","0","SetUpAccountsContacts","2025-08-29 17:44:21","005gK000006mJuXQAU","2025-08-29 17:44:21","005gK000006mJuXQAU","2025-08-29 17:44:21","005gK000006mJuXQAU","SetUpAccountsContacts","NotStarted","","AccountsContactsVisibility","0"
"4SSgK000003rTaSWAU","0","EmailCalendar","2025-08-29 17:44:21","005gK000006mJuXQAU","2025-08-29 17:44:21","005gK000006mJuXQAU","2025-08-29 17:44:21","005gK000006mJuXQAU","EmailCalendar","NotStarted","","EmailCalendarVisibility","0"
"4SSgK000003rTaTWAU","0","Salesreporting","2025-08-29 17:44:21","005gK000006mJuXQAU","2025-08-29 17:44:21","005gK000006mJuXQAU","2025-08-29 17:44:21","005gK000006mJuXQAU","Salesreporting","NotStarted","","ReportingVisibility","0"
"4SSgK000003rTaUWAU","0","csg_data_abp","2025-08-29 17:44:21","005gK000006mJuXQAU","2025-08-29 17:44:21","005gK000006mJuXQAU","2025-08-29 17:44:21","005gK000006mJuXQAU","csg_data_abp","NotStarted","","csg_data_abp_Visibility","0"
"4SSgK000003rTaVWAU","0","SalesProcess","2025-08-29 17:44:21","005gK000006mJuXQAU","2025-08-29 17:44:21","005gK000006mJuXQAU","2025-08-29 17:44:21","005gK000006mJuXQAU","SalesProcess","NotStarted","","SalesProcessVisibility","0"
"4SSgK000003rTaWWAU","0","csg_accounts_abp","2025-08-29 17:44:21","005gK000006mJuXQAU","2025-08-29 17:44:21","005gK000006mJuXQAU","2025-08-29 17:44:21","005gK000006mJuXQAU","csg_accounts_abp","NotStarted","","csg_accounts_abp_Visibility","0"
"4SSgK000003rTaXWAU","0","csg_custom_abp","2025-08-29 17:44:21","005gK000006mJuXQAU","2025-08-29 17:44:21","005gK000006mJuXQAU","2025-08-29 17:44:21","005gK000006mJuXQAU","csg_custom_abp","NotStarted","","csg_custom_abp_Visibility","0"
"4SSgK000003rTaYWAU","0","csg_setup_service","2025-08-29 17:44:21","005gK000006mJuXQAU","2025-08-29 17:44:21","005gK000006mJuXQAU","2025-08-29 17:44:21","005gK000006mJuXQAU","csg_setup_service","NotStarted","","setup_service","0"
