"Id","Name","ParentRoleId","RollupDescription","OpportunityAccessForAccountOwner","CaseAccessForAccountOwner","ContactAccessForAccountOwner","ForecastUserId","MayForecastManagerShare","LastModifiedDate","LastModifiedById","SystemModstamp","PortalAccountId","PortalType","PortalRole","PortalAccountOwnerId"
"00EgK000003juE1UAI","CEO","000000000000000AAA","CEO","Edit","Edit","Edit","","0","2025-08-29 17:44:21","005gK000006mJuXQAU","2025-08-29 17:44:21","","None","",""
"00EgK000003juE2UAI","SVP, Sales & Marketing","00EgK000003juE1UAI","SVP, Sales & Marketing","Edit","Edit","Edit","","0","2025-08-29 17:44:21","005gK000006mJuXQAU","2025-08-29 17:44:21","","None","",""
"00EgK000003juE3UAI","VP, North American Sales","00EgK000003juE2UAI","VP, North American Sales","Edit","Edit","Edit","","0","2025-08-29 17:44:21","005gK000006mJuXQAU","2025-08-29 17:44:21","","None","",""
"00EgK000003juE4UAI","Director, Direct Sales","00EgK000003juE3UAI","Director, Direct Sales","Edit","Edit","Edit","","0","2025-08-29 17:44:21","005gK000006mJuXQAU","2025-08-29 17:44:21","","None","",""
"00EgK000003juE5UAI","VP, Marketing","00EgK000003juE2UAI","VP, Marketing","Edit","Edit","Edit","","0","2025-08-29 17:44:21","005gK000006mJuXQAU","2025-08-29 17:44:21","","None","",""
"00EgK000003juE6UAI","SVP, Customer Service & Support","00EgK000003juE1UAI","SVP, Customer Service & Support","Edit","Edit","Edit","","0","2025-08-29 17:44:21","005gK000006mJuXQAU","2025-08-29 17:44:21","","None","",""
"00EgK000003juE7UAI","Director, Channel Sales","00EgK000003juE3UAI","Director, Channel Sales","Edit","Edit","Edit","","0","2025-08-29 17:44:21","005gK000006mJuXQAU","2025-08-29 17:44:21","","None","",""
"00EgK000003juE8UAI","CFO","00EgK000003juE1UAI","CFO","Edit","Edit","Edit","","0","2025-08-29 17:44:21","005gK000006mJuXQAU","2025-08-29 17:44:21","","None","",""
"00EgK000003juE9UAI","Western Sales Team","00EgK000003juE4UAI","Western Sales Team","Edit","Edit","Edit","","0","2025-08-29 17:44:21","005gK000006mJuXQAU","2025-08-29 17:44:21","","None","",""
"00EgK000003juEAUAY","Customer Support, North America","00EgK000003juE6UAI","Customer Support, North America","Edit","Edit","Edit","","0","2025-08-29 17:44:21","005gK000006mJuXQAU","2025-08-29 17:44:21","","None","",""
"00EgK000003juEBUAY","Channel Sales Team","00EgK000003juE7UAI","Channel Sales Team","Edit","Edit","Edit","","0","2025-08-29 17:44:21","005gK000006mJuXQAU","2025-08-29 17:44:21","","None","",""
"00EgK000003juECUAY","Marketing Team","00EgK000003juE5UAI","Marketing Team","Edit","Edit","Edit","","0","2025-08-29 17:44:21","005gK000006mJuXQAU","2025-08-29 17:44:21","","None","",""
"00EgK000003juEDUAY","Installation & Repair Services","00EgK000003juE6UAI","Installation & Repair Services","Edit","Edit","Edit","","0","2025-08-29 17:44:21","005gK000006mJuXQAU","2025-08-29 17:44:21","","None","",""
"00EgK000003juEEUAY","Eastern Sales Team","00EgK000003juE4UAI","Eastern Sales Team","Edit","Edit","Edit","","0","2025-08-29 17:44:21","005gK000006mJuXQAU","2025-08-29 17:44:21","","None","",""
"00EgK000003juEFUAY","Customer Support, International","00EgK000003juE6UAI","Customer Support, International","Edit","Edit","Edit","","0","2025-08-29 17:44:21","005gK000006mJuXQAU","2025-08-29 17:44:21","","None","",""
"00EgK000003juEGUAY","VP, International Sales","00EgK000003juE2UAI","VP, International Sales","Edit","Edit","Edit","","0","2025-08-29 17:44:21","005gK000006mJuXQAU","2025-08-29 17:44:21","","None","",""
"00EgK000003juEHUAY","SVP, Human Resources","00EgK000003juE1UAI","SVP, Human Resources","Edit","Edit","Edit","","0","2025-08-29 17:44:21","005gK000006mJuXQAU","2025-08-29 17:44:21","","None","",""
"00EgK000003juEIUAY","COO","00EgK000003juE1UAI","COO","Edit","Edit","Edit","","0","2025-08-29 17:44:21","005gK000006mJuXQAU","2025-08-29 17:44:21","","None","",""
