"Id","IsDeleted","Name","CreatedDate","CreatedById","LastModifiedDate","LastModifiedById","SystemModstamp","UserId","Questionnaire","Status"
"4QSgK000003LlbhWAC","0","health_cloud_industries","2025-08-29 17:44:21","005gK000006mJuXQAU","2025-08-29 17:44:21","005gK000006mJuXQAU","2025-08-29 17:44:21","005gK000006mJuXQAU","health_cloud_industries","Invisible"
"4QSgK000003LlbiWAC","0","terms_of_service","2025-08-29 17:44:21","005gK000006mJuXQAU","2025-08-29 17:44:21","005gK000006mJuXQAU","2025-08-29 17:44:21","005gK000006mJuXQAU","terms_of_service","Invisible"
"4QSgK000003LlbjWAC","0","gs_crm","2025-08-29 17:44:21","005gK000006mJuXQAU","2025-08-29 17:44:21","005gK000006mJuXQAU","2025-08-29 17:44:21","005gK000006mJuXQAU","gs_crm","Invisible"
"4QSgK000003LlbkWAC","0","gs_not_crm","2025-08-29 17:44:21","005gK000006mJuXQAU","2025-08-29 17:44:21","005gK000006mJuXQAU","2025-08-29 17:44:21","005gK000006mJuXQAU","gs_not_crm","Invisible"
"4QSgK000003LlblWAC","0","value_assessment","2025-08-29 17:44:21","005gK000006mJuXQAU","2025-08-29 17:44:21","005gK000006mJuXQAU","2025-08-29 17:44:21","005gK000006mJuXQAU","value_assessment","Invisible"
"4QSgK000003LlbmWAC","0","finserv_onboarding","2025-08-29 17:44:21","005gK000006mJuXQAU","2025-08-29 17:44:21","005gK000006mJuXQAU","2025-08-29 17:44:21","005gK000006mJuXQAU","finserv_onboarding","Invisible"
