"Id","Username","FirstName","LastName","CompanyName","Division","Department","Title","Street","City","State","PostalCode","Country","StateCode","CountryCode","Latitude","Longitude","GeocodeAccuracy","Email","SenderEmail","SenderName","Signature","StayInTouchSubject","StayInTouchSignature","StayInTouchNote","Phone","Fax","MobilePhone","Alias","CommunityNickname","IsActive","IsSystemControlled","TimeZoneSidKey","UserRoleId","LocaleSidKey","ReceivesInfoEmails","ReceivesAdminInfoEmails","EmailEncodingKey","ProfileId","UserType","UserSubtype","StartDay","EndDay","LanguageLocaleKey","EmployeeNumber","DelegatedApproverId","ManagerId","LastLoginDate","LastPasswordChangeDate","CreatedDate","CreatedById","LastModifiedDate","LastModifiedById","SystemModstamp","PasswordExpirationDate","NumberOfFailedLogins","SuAccessExpirationDate","SuOrgAdminExpirationDate","OfflineTrialExpirationDate","WirelessTrialExpirationDate","OfflinePdaTrialExpirationDate","ForecastEnabled","ContactId","AccountId","CallCenterId","Extension","FederationIdentifier","AboutMe","LoginLimit","ProfilePhotoId","DigestFrequency","DefaultGroupNotificationFrequency","JigsawImportLimitOverride","WorkspaceId","SharingType","ChatterAdoptionStage","ChatterAdoptionStageModifiedDate","BannerPhotoId","IsProfilePhotoActive","IndividualId","GlobalIdentity"
"005gK000006mJuXQAU","epic.665d6929a94a@orgfarm.salesforce.com","OrgFarm","EPIC","EPIC OrgFarm","","","","","","","","United States","","US","","","","epic.orgfarm@salesforce.com","","","","","","","","","","OEPIC","User17564894616103927438","1","0","America/Los_Angeles","000000000000000AAA","en_US","1","1","UTF-8","00egK000004SAbdQAG","Standard","","6","23","en_US","","000000000000000AAA","000000000000000AAA","2025-09-03 06:48:07","2025-08-29 17:52:52","2025-08-29 17:44:21","005gK000006mJuXQAU","2025-09-03 02:21:13","005gK000006mJuXQAU","2025-09-03 02:21:13","2025-08-28 17:52:52","0","","","","","","1","000000000000000AAA","000000000000000AAA","","","","","","","D","N","300","1degK000003bsVxQAI","Standard","NU","2019-03-26 06:00:07","","0","000000000000000AAA","9795a6e0-e00b-402a-817d-cd0552cd3a50"
"005gK000006mLGPQA2","integration@00dgk00000aiwkjual.com","Integration","User","EPIC OrgFarm","","","","","","","","US","","US","","","","noreply@example.com","","Salesforce Analytics","","","","","","","","integ","integration1.4407085834085586E12","1","0","America/Los_Angeles","000000000000000AAA","en_US","1","0","UTF-8","00egK000004SAbeQAG","Standard","","6","23","en_US","","000000000000000AAA","000000000000000AAA","","","2025-08-29 17:44:21","005gK000006mJuXQAU","2025-08-29 17:44:21","005gK000006mLGQQA2","2025-08-30 04:35:24","","","","","","","","0","000000000000000AAA","000000000000000AAA","","","","","","","N","N","","000000000000000AAA","Standard","","","","0","000000000000000AAA","446e3de8-dcc6-440c-9de1-d57300cf2325"
"005gK000006mLGQQA2","autoproc@00dgk00000aiwkjual","Automated","Process","EPIC OrgFarm","","","","","","","","US","","US","","","","noreply@00dgk00000aiwkjual","","","","","","","","","","autoproc","automatedprocess","1","0","America/Los_Angeles","000000000000000AAA","en_US","1","0","UTF-8","00egK000004SAbfQAG","AutomatedProcess","","","","en_US","","000000000000000AAA","","","","2025-08-29 17:44:21","005gK000006mLGRQA2","2025-08-29 17:44:21","005gK000006mLGRQA2","2025-08-29 17:52:52","","","","","","","","0","000000000000000AAA","000000000000000AAA","","","","","","","D","N","","","AutomatedProcess","NU","2015-05-09 05:00:29","","0","",""
"005gK000006mLGRQA2","sfdcadmin@00dgk00000aiwkjual","Salesforce","Administrator","EPIC OrgFarm","","","","","","","","US","","US","","","","noreply@00dgk00000aiwkjual","","","","","","","","","","sfdcadmn","sfdcadmn","1","0","America/Los_Angeles","000000000000000AAA","en_US","1","0","UTF-8","00egK000004SAbgQAG","SfdcAdmin","","","","en_US","","000000000000000AAA","","","","2025-08-29 17:44:21","005gK000006mJuXQAU","2025-08-29 17:44:21","005gK000006mJuXQAU","2025-08-29 17:52:52","","","","","","","","0","000000000000000AAA","000000000000000AAA","","","","","","","D","N","","","SfdcAdmin","NU","2015-05-09 05:00:29","","0","",""
"005gK000006mLGSQA2","cloud@00dgk00000aiwkjual","","Platform Integration User","EPIC OrgFarm","","","","","","","","US","","US","","","","noreply@00dgk00000aiwkjual","","","","","","","","","","platint","User15819534473983570716","1","0","America/Los_Angeles","000000000000000AAA","en_US","1","0","UTF-8","00egK000004SAbhQAG","CloudIntegrationUser","","","","en_US","","000000000000000AAA","000000000000000AAA","","","2025-08-29 17:44:21","005gK000006mLGRQA2","2025-08-29 17:44:21","005gK000006mLGRQA2","2025-08-29 17:52:52","","","","","","","","0","000000000000000AAA","000000000000000AAA","","","","","","","N","N","","000000000000000AAA","CloudIntegrationUser","","","","0","000000000000000AAA",""
"005gK000006mLGTQA2","automatedclean@00dgk00000aiwkjual","","Data.com Clean","EPIC OrgFarm","","","","","","","","US","","US","","","","noreply@00dgk00000aiwkjual","","","","","","","","","","autocln","User15819537108698329215","1","0","America/Los_Angeles","000000000000000AAA","en_US","1","0","UTF-8","00egK000004SAbfQAG","AutomatedProcess","Clean","","","en_US","","000000000000000AAA","000000000000000AAA","","","2025-08-29 17:44:21","005gK000006mLGRQA2","2025-08-29 17:44:21","005gK000006mLGRQA2","2025-08-29 17:52:52","","","","","","","","0","000000000000000AAA","000000000000000AAA","","","","","","","N","N","","000000000000000AAA","AutomatedProcess","","","","0","000000000000000AAA",""
"005gK000006mLGUQA2","chatty.00dgk00000aiwkjual.ue9qvp6ubp08@chatter.salesforce.com","","Chatter Expert","EPIC OrgFarm","","","","","","","","US","","US","","","","noreply@example.com","","","","","","","","","","Chatter","Chatter Expert","1","0","America/Los_Angeles","000000000000000AAA","en_US","1","0","UTF-8","00egK000004SAbiQAG","CsnOnly","","","","en_US","","000000000000000AAA","000000000000000AAA","","","2025-08-29 17:44:21","005gK000006mJuXQAU","2025-08-29 17:44:21","005gK000006mJuXQAU","2025-08-30 04:35:24","","","","","","","","0","000000000000000AAA","000000000000000AAA","","","","I?m here to help you get started with Chatter. I?ll introduce you to features, create sample posts, and suggest tips and best practices.  I'm an automated user so you don't need to worry about privacy! I can't see any of your posts or files.  If I'm too noisy, have your admin or moderator deactivate me and I'll stop posting.","","729gK000003TNcDQAW","D","N","","000000000000000AAA","CsnOnly","","","","1","","128a47fe-5f35-413e-956d-25b6e8b26fee"
"005gK000006mLGVQA2","insightssecurity@00dgk00000aiwkjual.com","Security","User","EPIC OrgFarm","","","","","","","","US","","US","","","","noreply@example.com","","Salesforce Analytics","","","","","","","","sec","insightssecurity1.4407085845464958E12","1","0","America/Los_Angeles","000000000000000AAA","en_US","1","0","UTF-8","00egK000004SAbjQAG","Standard","","6","23","en_US","","000000000000000AAA","000000000000000AAA","","","2025-08-29 17:44:21","005gK000006mJuXQAU","2025-08-29 17:44:21","005gK000006mLGQQA2","2025-08-30 04:35:24","","","","","","","","0","000000000000000AAA","000000000000000AAA","","","","","","","N","N","","000000000000000AAA","Standard","","","","0","000000000000000AAA","47de4023-a4b1-4061-aac2-3bf7d04a8625"
"005gK000006mLGWQA2","externalwho@00dgk00000aiwkjual","Public","User","EPIC OrgFarm","","","","","","","","US","","US","","","","noreply@00dgk00000aiwkjual","","","","","","","","","","extwho","User1739853016454860602","1","0","America/Los_Angeles","000000000000000AAA","en_US","1","0","UTF-8","00egK000004SAbkQAG","ExternalWho","Sfdc","","","en_US","","000000000000000AAA","000000000000000AAA","","","2025-08-29 17:44:21","005gK000006mLGRQA2","2025-08-29 17:44:21","005gK000006mLGRQA2","2025-08-29 17:52:52","","","","","","","","0","000000000000000AAA","000000000000000AAA","","","","","","","N","N","","000000000000000AAA","ExternalWho","","","","0","000000000000000AAA",""
"005gK0000074oS1QAI","appumoni858540@agentforce.com","monica","monica","salesforce","","","","","","","","","","","","","","appumoni858@gmail.com","","","","","","","","","+91 9345039778","app","User17568820880649047577","1","0","America/Los_Angeles","000000000000000AAA","en_US","0","0","UTF-8","00egK000004SAbdQAG","Standard","","6","23","en_US","","000000000000000AAA","000000000000000AAA","2025-09-03 07:55:03","2025-09-03 06:49:30","2025-09-03 06:48:08","005gK000006mJuXQAU","2025-09-03 07:55:40","005gK0000074oS1QAI","2025-09-03 07:55:40","2025-12-02 06:49:30","0","","","","","","0","000000000000000AAA","000000000000000AAA","","","","","","","D","N","","000000000000000AAA","Standard","","","","0","000000000000000AAA","14736e94-67f3-450c-9f1b-9e7331527edb"
